"","date","pres_mean","pres_min","pres_max","wind_mean","wind_min","wind_max","temp_mean","temp_min","temp_max","dew.p_mean","dew.p_min","dew.p_max","rh_mean","rh_min","rh_max","rain_mean","rain_min","rain_max","rain_sum"
"1",2023-01-01,102602.857142857,102520,102690,6.14285714285714,5,7,14.7714285714286,13.7,15.7,13.3428571428572,12.4,13.8,91.2857142857143,88,92,0,0,0,0
"2",2023-01-02,102510,102420,102600,6.57142857142857,4,8,14.7571428571429,14.3,15.1,13.0571428571429,12.8,13.3,89.7142857142857,87,94,0.0571428571428571,0,0.4,0.4
"3",2023-01-03,102823.75,102610,103050,2.375,1,5,12.025,9.70000000000005,13.7,11.0125,9.20000000000005,13.1,93.625,83,98,1.4125,0,7,11.3
"4",2023-01-04,103080,102980,103220,1.625,1,3,8.91250000000002,2.70000000000005,16,6.22500000000002,2.60000000000002,8.5,85,61,99,0.025,0,0.2,0.2
"5",2023-01-05,102552.5,102280,102930,3.25,1,5,13.3125,9.10000000000002,19,7.75000000000002,6.40000000000003,9,70.375,52,88,0,0,0,0
"6",2023-01-06,102386.25,102330,102490,2.25,1,3,10.825,6.80000000000001,14.9,8.31250000000002,5.40000000000003,10.3,85,74,95,0,0,0,0
"7",2023-01-07,101942.5,101610,102290,4.125,2,8,11.6375,8.5,14.3,9.91250000000002,7.60000000000002,11.6,89.375,83,98,0,0,0,0
"8",2023-01-08,101012.5,100680,101430,2.75,1,4,11.3375,9.5,13.4,9.71250000000003,8.60000000000002,10.7,89.875,84,94,0,0,0,0
"9",2023-01-09,101400,100890,102130,6.75,2,9,11.2875,9.5,13.2,3.56250000000002,1,7.90000000000003,60,46,90,0.025,0,0.2,0.2
"10",2023-01-10,102472.857142857,102260,102630,3.28571428571429,1,6,10.5285714285715,8.90000000000003,14.6,3.61428571428573,2,5.70000000000005,62.7142857142857,55,79,0,0,0,0
"11",2023-01-11,102293.75,102150,102600,3.75,1,9,9.77500000000003,3.20000000000005,16.8,4.76250000000002,2.60000000000002,8,74,54,96,0,0,0,0
"12",2023-01-12,102535,102290,102750,2,0,5,10.775,7.40000000000003,14.6,5.12500000000003,3.20000000000005,6.40000000000003,68.75,58,80,0,0,0,0
"13",2023-01-13,102328.75,102180,102620,5.125,2,9,12.175,9.90000000000003,15.5,6.18750000000003,4.90000000000003,7.80000000000001,67,60,73,0,0,0,0
"14",2023-01-14,102226.25,101880,102570,2.25,1,4,8.53750000000002,3.80000000000001,12.1,5.16250000000002,1.70000000000005,6.60000000000002,79.75,68,89,0,0,0,0
"15",2023-01-15,101590,101500,101740,3.42857142857143,0,8,8.34285714285717,6.10000000000002,11.9,3.90000000000003,-0.5,7.5,76,48,92,0,0,0,0
"16",2023-01-16,100257.5,99640,101270,6.375,2,11,8.46250000000001,6.30000000000001,11.2,3.72500000000002,2.30000000000001,5.40000000000003,72.625,60,83,0,0,0,0
"17",2023-01-17,99018.5714285714,98790,99380,2.28571428571429,0,6,6.7857142857143,4.40000000000003,11.3,4.07142857142859,1.30000000000001,7,83.4285714285714,67,95,0.257142857142857,0,1,1.8
"18",2023-01-18,100036.666666667,99240,100740,6.5,2,11,6.48333333333337,2.80000000000001,9.40000000000003,-2.61666666666664,-5.89999999999998,0.400000000000034,53.1666666666667,41,68,NA,NA,NA,0
"19",2023-01-19,100827.142857143,100580,100990,4.85714285714286,2,8,4.71428571428575,1.20000000000005,8.90000000000003,-2.88571428571425,-5.69999999999999,0.200000000000045,59.2857142857143,39,79,0.0571428571428571,0,0.4,0.4
"20",2023-01-20,101360,100560,101850,5,2,9,5.17500000000003,1.90000000000003,9.20000000000005,-3.51249999999999,-7.69999999999999,0,56.125,34,80,0.05,0,0.2,0.4
"21",2023-01-21,101648.571428571,101390,101830,6.42857142857143,5,10,4.60000000000002,2.40000000000003,9.5,-5.39999999999998,-7.09999999999997,-2.5,49.4285714285714,31,60,0,0,0,0
"22",2023-01-22,102038.75,101860,102270,5.625,3,11,4.12500000000001,1.30000000000001,7.30000000000001,-5.81249999999998,-6.89999999999998,-4.39999999999998,49,38,60,0,0,0,0
"23",2023-01-23,102170,101950,102320,2.71428571428571,2,5,2.75714285714287,-1.09999999999997,8,-4.51428571428568,-5.89999999999998,-3.29999999999995,59.2857142857143,43,70,0,0,0,0
"24",2023-01-24,102616.25,102380,102840,4,2,7,4.27500000000001,-0.299999999999955,11.8,-1.98749999999998,-3.79999999999995,-0.399999999999977,65.125,43,77,0,0,0,0
"25",2023-01-25,102491.25,102200,102810,3.25,2,4,4.50000000000002,1.10000000000002,10.2,-2.43749999999998,-3.59999999999997,-0.899999999999977,61.75,46,74,0,0,0,0
"26",2023-01-26,101570,101350,101870,2.57142857142857,2,5,4.18571428571431,-0.399999999999977,9.5,-2.32857142857141,-3.69999999999999,-0.699999999999989,64,47,81,0,0,0,0
"27",2023-01-27,101436.25,101340,101630,4.625,3,6,3.35000000000003,-0.599999999999966,7.70000000000005,-4.61249999999998,-5.69999999999999,-3.5,56.875,44,74,0,0,0,0
"28",2023-01-28,101900,101610,102300,4.25,2,7,4.45000000000003,1.70000000000005,8,-3.82499999999997,-4.79999999999995,-2.89999999999998,55.25,46,63,0,0,0,0
"29",2023-01-29,102532.5,102340,102690,2.125,1,3,3.18750000000001,-2,9,-3.38749999999998,-5.79999999999995,-1.69999999999999,63.375,43,75,0,0,0,0
"30",2023-01-30,102482.5,102210,102670,3,0,7,4.13750000000002,-2.59999999999997,12,-3.06249999999997,-4.79999999999995,-0.799999999999955,62,32,83,0,0,0,0
"31",2023-01-31,102561.428571429,102400,102670,2.85714285714286,1,8,9.04285714285717,5.70000000000005,13.7,0.371428571428599,-1,1.70000000000005,55.5714285714286,40,69,0,0,0,0
"32",2023-02-01,102700,102640,102840,1.5,1,2,4.23333333333336,-0.399999999999977,9.10000000000002,-0.983333333333311,-3.79999999999995,1.90000000000003,70.3333333333333,49,84,0,0,0,0
"33",2023-02-02,102844.285714286,102700,102950,4.71428571428571,2,8,8.87142857142859,3.30000000000001,15.4,-1.02857142857141,-2.19999999999999,0,51.5714285714286,35,67,0,0,0,0
"34",2023-02-03,102910,102750,103050,2,0,4,9.17500000000002,4,17.2,-0.549999999999983,-2.09999999999997,1.20000000000005,52.125,34,67,0,0,0,0
"35",2023-02-04,102685,102470,102880,6.66666666666667,3,10,11.8,5.60000000000002,18.7,1.01666666666668,-1.19999999999999,3.30000000000001,49,36,65,0,0,0,0
"36",2023-02-05,103040,102880,103250,5.5,3,8,11.9,6.5,16.3,2.31666666666669,-0.399999999999977,3.40000000000003,53.1666666666667,42,72,0,0,0,0
"37",2023-02-06,102941.666666667,102790,103130,3.33333333333333,2,4,7.96666666666668,5.40000000000003,12,1.38333333333335,-0.199999999999989,2.90000000000003,64.3333333333333,48,76,0.0666666666666667,0,0.4,0.4
"38",2023-02-07,102926.25,102640,103200,4.125,1,8,6.32500000000002,2.40000000000003,11.6,1.37500000000001,-1,4.80000000000001,72.125,49,90,0.35,0,1.6,2.8
"39",2023-02-08,103131.428571429,103050,103180,3.28571428571429,1,5,4.74285714285716,0.900000000000034,10.3,-0.971428571428549,-2.09999999999997,0.100000000000023,69,43,88,0,0,0,0
"40",2023-02-09,103310,103190,103520,2.75,1,5,4.76250000000002,-0.899999999999977,10.7,-1.24999999999997,-4,1.60000000000002,66.375,49,81,0,0,0,0
"41",2023-02-10,103617.142857143,103560,103680,1.28571428571429,1,2,3.44285714285717,-1.29999999999995,9.40000000000003,-2.32857142857141,-3.69999999999999,-0.0999999999999659,67.2857142857143,43,84,0,0,0,0
"42",2023-02-11,103492.857142857,103380,103650,1.85714285714286,1,3,4.62857142857145,-2.69999999999999,11.6,-0.94285714285713,-4.89999999999998,1.5,68.5714285714286,50,84,0,0,0,0
"43",2023-02-12,103375,103250,103470,1.625,0,3,4.45000000000002,-1.59999999999997,11.8,-0.899999999999977,-4.79999999999995,2.60000000000002,69.75,50,85,0,0,0,0
"44",2023-02-13,103530,103450,103670,1.625,1,2,5.07500000000002,-1,12.9,1.32500000000002,-3.19999999999999,7.80000000000001,77.625,53,91,0,0,0,0
"45",2023-02-14,103377.5,103120,103590,2,0,3,6.96250000000002,1.70000000000005,12.8,3.41250000000002,0.100000000000023,6.80000000000001,79.25,64,96,0,0,0,0
"46",2023-02-15,103012.5,102920,103100,2.625,1,4,8.28750000000001,5,13,5.33750000000003,3.30000000000001,6.70000000000005,82.625,63,94,0,0,0,0
"47",2023-02-16,103006.25,102930,103100,1.875,1,3,6.26250000000002,0.400000000000034,12.5,4.30000000000001,-0.199999999999989,8,88,73,97,0,0,0,0
"48",2023-02-17,103003.333333333,102890,103080,2,1,3,6.01666666666669,0.600000000000023,11.5,4.76666666666669,0.300000000000011,8.70000000000005,92.1666666666667,81,99,0,0,0,0
"49",2023-02-18,102862.5,102650,103040,1.625,0,6,9.36250000000003,3.20000000000005,15.4,6.88750000000002,2.60000000000002,9.90000000000003,85.75,66,97,0,0,0,0
"50",2023-02-19,102536.25,102320,102710,1.5,1,2,11.4875,3.30000000000001,19.6,7.57500000000002,2.90000000000003,10.6,79,56,99,0.025,0,0.2,0.2
"51",2023-02-20,102538.75,102450,102680,2.25,1,5,10.65,5.30000000000001,16.7,5.67500000000003,2.60000000000002,8.90000000000003,72.75,51,90,0,0,0,0
"52",2023-02-21,102075,101830,102390,2.75,2,5,11.0875,7.70000000000005,15,8.90000000000002,7.30000000000001,10.8,86.625,76,97,0,0,0,0
"53",2023-02-22,101670,101540,101790,1.625,1,3,12.1125,9.80000000000001,15.3,10.275,9.30000000000001,11.3,89.125,75,97,0.15,0,0.8,1.2
"54",2023-02-23,101233.75,101090,101440,4.375,0,9,11.6,8.80000000000001,13.4,10.5,8.70000000000005,11.7,93.25,82,100,0.15,0,0.8,1.2
"55",2023-02-24,100788.75,100660,101000,5.25,0,12,11.8125,9.5,13.6,10.7375,9.10000000000002,11.8,93.25,89,99,1.4625,0,4.1,11.7
"56",2023-02-25,100261.25,100060,100600,3.875,1,6,9.93750000000002,6.5,12.4,5.85000000000003,2.90000000000003,7.70000000000005,77.25,60,97,0,0,0,0
"57",2023-02-26,100155,99910,100630,6.25,1,12,6.73750000000003,3.20000000000005,10.3,-4.49999999999998,-9.39999999999998,2.40000000000003,48,27,79,0,0,0,0
"58",2023-02-27,101116.25,100720,101420,4.75,2,7,3.93750000000004,0.900000000000034,7.40000000000003,-0.224999999999987,-6.19999999999999,2.60000000000002,75.5,52,93,0.75,0,4.8,6
"59",2023-02-28,101695,101500,101830,3,1,5,6.25000000000001,4,8.10000000000002,2.8421709430404e-14,-1.29999999999995,1.40000000000003,64.5,59,77,0,0,0,0
"60",2023-03-01,101531.666666667,101240,101760,2.83333333333333,1,7,6.11666666666669,1.60000000000002,10.9,-0.733333333333311,-1.89999999999998,1.5,62.5,51,79,0,0,0,0
"61",2023-03-02,101570,101430,101680,2.42857142857143,1,5,7.98571428571432,4.70000000000005,13.1,-0.257142857142843,-1.89999999999998,0.800000000000011,56.8571428571429,43,68,0,0,0,0
"62",2023-03-03,101682.5,101550,101910,2.625,1,4,7.40000000000003,0.5,13.7,1.61250000000002,-1.39999999999998,5.40000000000003,68.375,50,87,0,0,0,0
"63",2023-03-04,101794.285714286,101630,101940,3.57142857142857,3,4,10.2,4.20000000000005,16.4,1.30000000000003,-1,5.20000000000005,55.7142857142857,39,69,0,0,0,0
"64",2023-03-05,101310,100940,101700,3.375,1,7,9.23750000000002,2.60000000000002,14.6,2.42500000000003,-0.699999999999989,6.70000000000005,63.5,50,80,0,0,0,0
"65",2023-03-06,100801.428571429,100650,100920,3.85714285714286,1,9,6.78571428571431,0.800000000000011,14.4,-0.414285714285687,-2.09999999999997,1.5,62.7142857142857,37,84,0,0,0,0
"66",2023-03-07,100685.714285714,100520,100810,2,1,4,6.85714285714287,0,11.1,1.65714285714287,-2.19999999999999,6.5,70.4285714285714,56,85,0.0285714285714286,0,0.2,0.2
"67",2023-03-08,100701.25,100590,100790,2.125,1,3,8.91250000000002,5.20000000000005,13.6,6.87500000000003,4.20000000000005,9.90000000000003,87.5,75,95,0,0,0,0
"68",2023-03-09,100788.75,100600,100960,1.875,0,4,12.0125,10.3,16.4,9.80000000000002,8.60000000000002,10.5,87,66,96,NA,NA,NA,5.6
"69",2023-03-10,100863.75,100490,101170,5.875,1,12,13.8625,9.5,17.8,6.86250000000003,4.40000000000003,9.70000000000005,65.5,41,96,0.075,0,0.6,0.6
"70",2023-03-11,100812.5,100510,101200,7.375,2,12,18.7375,13.4,22.2,10.8125,8.30000000000001,11.8,60.625,50,78,0,0,0,0
"71",2023-03-12,101576.25,101320,101730,3.625,0,8,17.1125,9.80000000000001,22.1,7.51250000000003,5.60000000000002,9.70000000000005,54.375,38,78,0,0,0,0
"72",2023-03-13,101157.5,100560,101620,4.125,0,9,13.725,9.80000000000001,15.8,10.975,7.90000000000003,13.3,83.625,70,89,0,0,0,0
"73",2023-03-14,101161.25,100880,101560,7.375,4,10,13.2125,11.4,17.1,5.41250000000003,3.20000000000005,8.60000000000002,60.5,44,83,0.625,0,5,5
"74",2023-03-15,101660,101530,101810,3,2,5,11.8375,8.40000000000003,15.7,1.96250000000002,-2.39999999999998,5.90000000000003,51.5,41,68,0,0,0,0
"75",2023-03-16,101740,101600,101840,3.75,1,7,10.8625,3.70000000000005,15.2,4.38750000000002,-1.79999999999995,11.1,65.75,46,89,0,0,0,0
"76",2023-03-17,101741.25,101620,101850,5.75,3,8,12.625,9.40000000000003,14.7,9.33750000000002,7.30000000000001,10.6,80.625,70,88,0,0,0,0
"77",2023-03-18,101570,101500,101700,3.125,1,6,11.1125,6.20000000000005,14.3,8.53750000000002,5,11.2,84.625,67,92,0,0,0,0
"78",2023-03-19,101874.285714286,101730,102040,2.42857142857143,0,5,13.0571428571429,10.2,15.3,10.1714285714286,7.90000000000003,12.1,83.4285714285714,69,97,1.24285714285714,0,8.7,8.7
"79",2023-03-20,101938.75,101800,102040,2.875,0,4,13.3,7.40000000000003,17.6,5.56250000000001,4.5,7.20000000000005,61,44,85,0,0,0,0
"80",2023-03-21,101751.25,101600,101910,2.25,2,3,11.2125,5.10000000000002,15.7,6.91250000000002,3.40000000000003,10.2,75.75,64,89,0,0,0,0
"81",2023-03-22,101530,101440,101600,2.14285714285714,1,3,11.3142857142857,5.60000000000002,15.1,9.10000000000004,4.70000000000005,12.9,86.5714285714286,77,94,0,0,0,0
"82",2023-03-23,101530,101440,101620,4.25,3,5,13.6125,12.1,15.2,11.9375,11.3,12.8,89.875,82,96,0,0,0,0
"83",2023-03-24,101480,101290,101800,4.75,3,6,14.7375,12.6,16.6,11.525,5.30000000000001,12.7,81.625,61,90,0,0,0,0
"84",2023-03-25,101878.75,101680,102120,5.625,3,8,14.6625,11.8,18.8,5.90000000000001,3.80000000000001,9.30000000000001,57.25,37,80,0,0,0,0
"85",2023-03-26,101235,100960,101540,5.75,1,10,13.4625,9.60000000000002,17.2,5.46250000000002,2.60000000000002,9.80000000000001,62.5,38,93,0,0,0,0
"86",2023-03-27,101842.857142857,101330,102410,6.85714285714286,5,9,13.1428571428572,8.40000000000003,17.9,-0.0714285714285471,-3.19999999999999,1.70000000000005,41,31,50,0,0,0,0
"87",2023-03-28,102442.5,102370,102540,3.625,0,7,10.6,6.5,15.6,-1.54999999999998,-6,3,43.5,32,59,0,0,0,0
"88",2023-03-29,102277.5,102080,102470,3,2,5,10.7375,5,15.3,7.43750000000002,2.40000000000003,12,80.375,70,88,0,0,0,0
"89",2023-03-30,101983.75,101840,102140,4.375,2,7,14.4375,12.8,17.3,12.2,11.7,13.4,86.625,78,94,NA,NA,NA,0
"90",2023-03-31,101438.75,101080,101690,5.75,0,12,15.7375,11.8,20.5,8.05000000000003,4.10000000000002,11.7,64.875,37,94,0,0,0,0
"91",2023-04-01,101393.75,101160,101590,7.625,5,12,13.4375,11.1,17.8,2.83750000000002,0.400000000000034,4.30000000000001,49.625,31,57,0,0,0,0
"92",2023-04-02,101391.428571429,101190,101780,7.28571428571429,3,10,14,10.5,18.8,2.10000000000002,1.60000000000002,3,45.7142857142857,32,56,0,0,0,0
"93",2023-04-03,101442.5,101160,101710,4.875,1,9,13.775,9.10000000000002,18.8,1.31250000000001,-2,3,44,34,61,0,0,0,0
"94",2023-04-04,101394,101270,101700,3.6,2,6,9.88000000000002,6,17,-3.23999999999999,-3.89999999999998,-2.59999999999997,41.2,25,54,NA,NA,NA,0
"95",2023-04-05,101741.428571429,101520,101820,3,2,4,9.74285714285716,3.5,17.2,-2.41428571428569,-3.29999999999995,-0.599999999999966,44.7142857142857,26,61,0,0,0,0
"96",2023-04-06,101831.25,101730,101970,3.375,2,5,10.8,4.60000000000002,15.9,-0.299999999999976,-3.89999999999998,5,48.75,28,83,0,0,0,0
"97",2023-04-07,101526.25,101240,101730,3.25,1,6,12.3375,4.40000000000003,18.3,3.72500000000002,0.400000000000034,8.40000000000003,58.375,33,82,0,0,0,0
"98",2023-04-08,101712.5,101630,101860,4,1,8,12.3625,6.90000000000003,19.3,2.22500000000002,-0.199999999999989,6.5,52.875,27,73,0,0,0,0
"99",2023-04-09,101881.666666667,101820,101990,4,1,7,13.1,8.10000000000002,17.2,3.55000000000002,1.5,5.5,53.8333333333333,35,69,0,0,0,0
"100",2023-04-10,102092.5,101930,102190,2.5,1,5,12.575,7,15.6,9.42500000000003,3.60000000000002,11.9,81.5,72,92,0,0,0,0
"101",2023-04-11,101818.75,101450,102140,4.75,1,7,16.625,12,22.7,8.23750000000002,2.70000000000005,12,61.875,27,94,0,0,0,0
"102",2023-04-12,100990,100690,101290,2.625,0,9,13.2125,8.5,17.4,6.28750000000002,1.10000000000002,11,64.625,45,89,0,0,0,0
"103",2023-04-13,101081.25,100910,101180,7.125,4,11,12.525,9.70000000000005,16.5,0.0875000000000199,-0.699999999999989,1.70000000000005,43.125,32,56,0,0,0,0
"104",2023-04-14,101084.285714286,100780,101260,5,2,7,11.8285714285715,8.20000000000005,15.3,3.15714285714288,-0.299999999999955,9.20000000000005,56,45,75,0,0,0,0
"105",2023-04-15,101171.25,100900,101650,8,4,14,15.4125,11.3,18.9,1.02500000000002,-4.09999999999997,6.40000000000003,40.5,22,63,0,0,0,0
"106",2023-04-16,101570,101360,101730,7,5,9,16.8428571428572,12.2,22.6,-0.128571428571409,-3.09999999999997,2.60000000000002,33.7142857142857,20,51,0,0,0,0
"107",2023-04-17,101501.25,101330,101630,4.75,1,9,14.325,10.4,19.8,2.63750000000002,1.10000000000002,4.30000000000001,46.375,35,59,0,0,0,0
"108",2023-04-18,101420,101340,101610,2.375,1,4,13.55,8.40000000000003,19.1,5.35000000000003,2.20000000000005,8.20000000000005,59.5,42,84,0,0,0,0
"109",2023-04-19,101453.75,101190,101660,3.125,1,5,14.075,7.80000000000001,19.1,7.26250000000002,5.5,8.60000000000002,65.625,46,89,0,0,0,0
"110",2023-04-20,100877.5,100660,101110,2.875,1,4,13.0625,6.5,17.6,9.26250000000002,3.60000000000002,12.5,78,72,84,0,0,0,0
"111",2023-04-21,100984.285714286,100800,101190,7.14285714285714,3,10,15.1857142857143,12.3,17.3,12.3857142857143,8.80000000000001,14.4,83.4285714285714,79,91,0,0,0,0
"112",2023-04-22,101248.75,101160,101330,6.125,4,8,15.9875,15,17.3,12.5875,11.9,13.1,80.375,75,87,0,0,0,0
"113",2023-04-23,101225,101150,101310,3.125,2,7,14.4,12.2,17.9,12,11.3,13.1,85.75,73,94,0.4,0,2,3.2
"114",2023-04-24,101341.25,101220,101470,6.25,4,8,16.875,12.6,20.9,6.36250000000003,3.10000000000002,9.20000000000005,53,31,75,0,0,0,0
"115",2023-04-25,101273.75,101090,101410,3.375,2,6,16.5375,14,20,7.47500000000002,2.90000000000003,9.40000000000003,55.75,43,71,0,0,0,0
"116",2023-04-26,101447.5,101300,101550,3.75,2,8,16.1875,8.5,19.7,8.08750000000003,3.60000000000002,13.4,59.75,44,74,0,0,0,0
"117",2023-04-27,101567.5,101500,101720,2,0,4,18.4625,14,21.6,10.7375,7.5,13.8,62.875,46,95,0,0,0,0
"118",2023-04-28,101763.75,101600,101920,2.875,1,4,16.2375,14.6,18.4,14.3125,12.8,15.3,88.5,79,96,0,0,0,0
"119",2023-04-29,101332.857142857,101140,101430,2.28571428571429,1,3,18.6142857142857,14,24.8,13.9,12.7,17.1,76.4285714285714,52,93,0.928571428571429,0,6.5,6.5
"120",2023-04-30,101278.571428571,101210,101380,1.85714285714286,1,4,19.1571428571429,17.4,20.9,15.6142857142857,14.8,17,80.4285714285714,68,92,1.01428571428571,0,6.5,7.1
"121",2023-05-01,101448.333333333,101270,101650,4,0,7,17.75,11.8,23.1,6.90000000000002,4.40000000000003,8.60000000000002,51.6666666666667,34,77,0.0333333333333333,0,0.2,0.2
"122",2023-05-02,101567.5,101420,101650,6,2,8,19.9125,15.2,25.8,4.33750000000002,3.30000000000001,6.80000000000001,37.375,24,56,0,0,0,0
"123",2023-05-03,101742.857142857,101610,101910,3.57142857142857,1,6,17.5428571428572,12.7,22.2,9.25714285714288,4.60000000000002,15.8,60.5714285714286,40,84,0,0,0,0
"124",2023-05-04,101948.75,101900,102020,2.625,0,4,16.0625,10.2,20.3,11.0125,8.80000000000001,13.6,73.25,57,91,0,0,0,0
"125",2023-05-05,101857.5,101720,101970,2.25,1,4,15.9,10.4,19.6,12.9125,8.5,15.9,82.625,75,90,0,0,0,0
"126",2023-05-06,101575,101430,101700,1.875,1,3,16.4625,13.8,19.6,13.925,12.9,14.8,85.5,74,97,0.025,0,0.2,0.2
"127",2023-05-07,101645,101550,101900,2.375,1,4,19.8,16.3,23.7,13.2875,10.8,15.3,68.375,50,94,0.025,0,0.2,0.2
"128",2023-05-08,101788.571428571,101610,101890,4.14285714285714,2,6,21.7,15.7,27.6,9.42857142857145,8.20000000000005,10.2,47.7142857142857,31,68,0,0,0,0
"129",2023-05-09,101615,101470,101800,3.375,0,7,18.8875,15.4,22.5,12.4125,10.6,14.4,66.75,53,78,0.225,0,1.2,1.8
"130",2023-05-10,101581.428571429,101420,101680,8,4,10,19.0714285714286,15.9,22.7,4.42857142857145,0.900000000000034,8.30000000000001,39.7142857142857,26,55,0,0,0,0
"131",2023-05-11,101376.25,101090,101620,6.75,5,9,18.3125,14.6,23.1,3.97500000000002,2.20000000000005,5.5,39.875,28,54,0,0,0,0
"132",2023-05-12,101260,101170,101450,4,2,6,14.3375,12.3,18.1,7.66250000000003,4.80000000000001,11.2,66.125,43,90,0.875,0,3,7
"133",2023-05-13,101492.5,101420,101590,3.25,1,5,15.675,12.1,19.4,11.0125,10.4,11.8,75.375,57,95,0.4125,0,1.7,3.3
"134",2023-05-14,101331.25,101130,101500,2.125,0,4,17.525,12.7,22,9.82500000000002,6.90000000000003,12.3,63.875,41,90,0.25,0,2,2
"135",2023-05-15,101058.75,100840,101310,5.75,1,9,20.0125,15.6,24.6,4.32500000000002,2.30000000000001,6.20000000000005,36.875,27,50,0,0,0,0
"136",2023-05-16,100970,100850,101260,7.125,3,11,18.9,15.6,23.3,3.56250000000003,2.40000000000003,4.40000000000003,36.75,29,45,0,0,0,0
"137",2023-05-17,101332.5,101220,101590,5.625,3,8,17.2,12.6,21.9,2.26250000000002,1.30000000000001,3.5,37.25,30,46,0,0,0,0
"138",2023-05-18,101662.5,101550,101820,3.125,1,5,16.4125,13.6,21.2,6.46250000000002,2.80000000000001,10.6,52.75,41,76,0,0,0,0
"139",2023-05-19,101521.25,101310,101760,3.625,1,6,17.1,14.4,21.5,9.88750000000002,7.60000000000002,13.2,65.125,43,91,0.925,0,4.4,7.4
"140",2023-05-20,101213.75,101120,101400,1.875,0,4,16.9,14.5,20.2,12.575,10.3,14.6,77.25,53,92,0.2,0,0.8,1.6
"141",2023-05-21,101186.25,101100,101280,2.5,2,4,17.6375,14.7,20.7,14.6875,13.6,15.5,83.625,69,95,1.3125,0,3,10.5
"142",2023-05-22,101256.25,101160,101390,2.375,1,4,18.875,14.5,25.6,14.175,10.9,17.1,76.375,44,89,0.2,0,1.2,1.6
"143",2023-05-23,101313.75,101210,101430,3.125,0,8,20.3125,15.7,26.1,13.4125,11.8,15.8,66.375,45,83,0,0,0,0
"144",2023-05-24,101288.75,101190,101350,2.75,1,5,20.3875,15.7,25.8,13.9625,12.4,15,67.875,49,81,0.125,0,0.6,1
"145",2023-05-25,101578.75,101330,101920,3,0,5,19.0375,16.6,21.8,11.65,7.20000000000005,14,63.125,45,80,0,0,0,0
"146",2023-05-26,101862.5,101750,101960,3.125,2,5,20.475,14.1,24.9,12.8625,11.3,13.9,63.25,47,83,0,0,0,0
"147",2023-05-27,101585,101450,101780,2.125,0,5,21.2375,15.4,26.1,14.325,12.3,17.1,67,46,87,0,0,0,0
"148",2023-05-28,101303.75,101170,101410,2.25,1,4,19.875,14.2,23.9,15.0125,13.4,16.9,75.5,55,95,0.025,0,0.2,0.2
"149",2023-05-29,101288.75,101190,101500,2.5,1,4,19.5375,14.2,26,14.5375,12.8,16.4,75.625,44,94,1.55,0,12,12.4
"150",2023-05-30,101387.5,101250,101490,2.375,0,4,21.7875,14.8,27.5,13.2875,11.1,15.3,62.875,36,96,0.025,0,0.2,0.2
"151",2023-05-31,101451.25,101330,101570,2.875,1,6,19.5,16.4,23.4,15.7625,14.5,17.1,79.5,65,91,0.6,0,4.6,4.8
"152",2023-06-01,101445.714285714,101310,101550,2.85714285714286,1,4,21.9,16.6,25.7,14.1,12.5,16,63.1428571428571,44,85,0,0,0,0
"153",2023-06-02,101292.5,101190,101390,2.375,1,5,20.725,16.3,25.1,15.45,13,17.8,73.375,47,90,0,0,0,0
"154",2023-06-03,101378.75,101290,101510,2.75,1,5,20.5375,15.7,23.9,16.0875,14,18.3,76.25,64,90,0,0,0,0
"155",2023-06-04,101470,101380,101560,2.5,1,5,20.775,17,23.6,16.625,16,17.3,78,64,94,0.275,0,2.2,2.2
"156",2023-06-05,101415,101270,101520,3.125,1,6,20.9875,17.7,24.2,16.975,15.3,18.2,78.375,64,89,0,0,0,0
"157",2023-06-06,101453.75,101400,101510,3.125,1,5,20.925,16.3,24,17.3875,15.5,18.9,80.75,66,95,0,0,0,0
"158",2023-06-07,101453.75,101380,101530,3.25,2,4,21.875,18.1,24.3,18.1,17.3,18.9,79.75,70,95,0,0,0,0
"159",2023-06-08,101232.857142857,101070,101340,4,3,5,22.7,20.3,24.9,18.3,17.6,19,76.5714285714286,69,91,0,0,0,0
"160",2023-06-09,101017.142857143,100900,101130,6.42857142857143,3,10,22.3142857142857,21.9,23,18.8285714285715,17.8,20.2,80.7142857142857,77,87,0.571428571428571,0,2,4
"161",2023-06-10,101114.285714286,101020,101200,2.71428571428571,1,5,23.8571428571429,19.7,27.7,19.0571428571429,18.1,20.2,75.8571428571429,56,96,0,0,0,0
"162",2023-06-11,101111.25,100990,101190,3.125,1,6,24.8375,18.6,28.8,16.8625,14.5,19,63.75,43,85,0,0,0,0
"163",2023-06-12,101038.571428571,100890,101140,3.14285714285714,1,6,23.5285714285714,18.8,28.3,17.1142857142857,14.6,18.3,69.4285714285714,48,92,0.114285714285714,0,0.8,0.8
"164",2023-06-13,100785.714285714,100630,100920,2.14285714285714,1,3,21.1714285714286,18.6,23.8,17.6142857142857,15.7,19.2,80.8571428571429,65,92,1.04285714285714,0,7.1,7.3
"165",2023-06-14,100962.5,100860,101250,3.125,1,7,23.5,18.7,29.1,16.2625,13.8,18.7,66.5,40,90,0,0,0,0
"166",2023-06-15,101382.5,101270,101520,6.25,4,8,26.3375,21.6,32,11.275,6.90000000000003,13,40.75,21,58,0,0,0,0
"167",2023-06-16,101451.25,101320,101560,4.5,3,8,25.7125,20.6,31.4,11.7125,6.60000000000002,16.8,44.875,24,79,0,0,0,0
"168",2023-06-17,101310,101230,101390,3.25,1,6,25.175,18.2,29.7,14.4,9.20000000000005,17.1,53.875,28,76,NA,NA,NA,0
"169",2023-06-18,101336.25,101210,101420,5.25,2,8,23.075,21.7,24.6,19.975,18.8,21.1,83.125,70,93,0,0,0,0
"170",2023-06-19,101403.75,101290,101520,2.625,1,4,23.0375,18.2,25.5,18.625,14.8,21.2,77.25,52,93,0,0,0,0
"171",2023-06-20,101252.5,101120,101440,4.125,3,8,22.875,19.7,24.7,18.7,15.1,21.4,77.75,66,90,0,0,0,0
"172",2023-06-21,101391.428571429,101300,101480,3.14285714285714,1,6,26.1142857142857,21.9,30.9,18.8714285714286,16.1,20.6,67,41,90,0,0,0,0
"173",2023-06-22,101575.714285714,101310,101990,4,1,5,23.9857142857143,20,27.8,18.5571428571429,14.1,21.5,74,43,95,1.82857142857143,0,12.8,12.8
"174",2023-06-23,102008.75,101840,102170,3.75,1,7,25.6375,18.4,31.2,13.075,11.2,15.5,49.125,31,80,0,0,0,0
"175",2023-06-24,101711.25,101560,101880,4.25,1,9,26.4625,21.3,31.4,10.775,7.90000000000003,15.4,39,24,64,0,0,0,0
"176",2023-06-25,101575,101460,101670,2.75,1,5,24.8375,18.5,28.9,15.575,13.9,18,58.125,41,78,0,0,0,0
"177",2023-06-26,101552.5,101420,101670,5.75,4,8,30.8,26.6,35.9,15.55,14.1,16.6,40.375,29,51,0,0,0,0
"178",2023-06-27,101548.75,101320,101740,3.375,2,5,27.05,22.9,32.6,12.85,9.40000000000003,15.5,43.625,24,63,0,0,0,0
"179",2023-06-28,101315,101170,101430,2.625,1,5,26.325,21.3,31.2,12.575,9.80000000000001,18.3,44.25,31,69,0,0,0,0
"180",2023-06-29,101308.75,101080,101420,3.875,1,11,25.8,21.8,30,15.6375,12.1,20.6,54.5,42,70,0,0,0,0
"181",2023-06-30,101406.25,101280,101560,4.75,2,9,23.0125,20.1,27.5,14.7125,9.70000000000005,19.5,62.375,37,82,0.425,0,2,3.4
"182",2023-07-01,101313.75,101130,101500,8,6,10,24.1625,19.6,29.6,12.8375,8,15.4,49.5,41,59,0,0,0,0
"183",2023-07-02,101364.285714286,101260,101470,7.71428571428571,5,10,26.0285714285714,21.5,30.8,11.9,9.80000000000001,13.8,43.2857142857143,28,59,0,0,0,0
"184",2023-07-03,101461.25,101330,101550,3.625,2,6,25.425,20.9,29.5,13.1875,11,17.3,47.25,38,55,0,0,0,0
"185",2023-07-04,101482.857142857,101390,101530,2.85714285714286,1,5,24.4142857142857,18.3,28.3,13.7428571428572,12.2,14.3,53.1428571428571,37,76,0,0,0,0
"186",2023-07-05,101535.714285714,101330,101650,4.71428571428571,3,6,25.7571428571429,22.8,27,14.0714285714286,12.2,16.5,48.8571428571429,40,54,0,0,0,0
"187",2023-07-06,101432.5,101330,101490,2.75,1,6,25.5375,20.9,29.7,13.4625,12.8,14.1,48.125,36,60,0,0,0,0
"188",2023-07-07,101641.25,101500,101820,2.875,1,5,24.4375,20.6,27.6,18.9625,15.7,21.6,71.875,62,84,0,0,0,0
"189",2023-07-08,101668.75,101540,101790,3,2,4,26.8875,19.8,31.7,16.8625,15.4,19.6,56.75,39,80,0,0,0,0
"190",2023-07-09,101868.333333333,101780,101930,2.83333333333333,1,6,26.95,21.2,30.1,18.05,16.2,20.4,59,45,73,0,0,0,0
"191",2023-07-10,101873.75,101700,102010,2.875,0,6,27.625,21.9,34.2,19.7625,17.7,22.2,65.625,38,92,NA,NA,NA,0
"192",2023-07-11,101555,101400,101710,2.375,0,6,25.2875,21.5,28.8,21.5875,19.7,22.9,80.75,58,90,0,0,0,0
"193",2023-07-12,101312.5,101150,101440,3.125,0,7,27.475,24.1,31.6,21.0375,15.8,23.1,70,44,89,0,0,0,0
"194",2023-07-13,101601.428571429,101500,101710,3,2,5,28.0857142857143,22,32.6,11.4,4.40000000000003,13.9,38.1428571428571,17,60,0,0,0,0
"195",2023-07-14,101487.142857143,101360,101640,3.42857142857143,1,5,25.0142857142857,20,28.1,15.3285714285715,10.3,21.7,56.8571428571429,39,84,0,0,0,0
"196",2023-07-15,101318.75,101260,101430,6,1,8,25.8,24.3,27.3,21.625,20.8,23,78,69,87,0,0,0,0
"197",2023-07-16,101480,101400,101570,3.375,2,5,26.275,22.7,30,18.4125,16,21.7,63.875,46,85,0,0,0,0
"198",2023-07-17,101720,101630,101790,2.75,1,5,26.35,21.6,31.3,18.8375,15.5,21.8,65.625,42,87,0,0,0,0
"199",2023-07-18,101623.75,101490,101790,2.25,0,5,25.775,22.8,28.4,21.4625,18.9,23.4,78,58,92,0,0,0,0
"200",2023-07-19,101288.75,101060,101550,5.375,3,9,30.6875,24.9,37,16.975,9.60000000000002,23.3,48.875,25,91,0,0,0,0
"201",2023-07-20,101072.857142857,100810,101300,4.14285714285714,1,9,27.4714285714286,23,31.4,13,9.30000000000001,16.8,41.7142857142857,34,57,0,0,0,0
"202",2023-07-21,101020,100870,101260,6.75,5,10,28.275,24.9,33.6,10.8125,8.30000000000001,13.3,35,21,48,0,0,0,0
"203",2023-07-22,101485,101410,101560,4.375,3,5,25.8125,22.3,29,12.8625,9.90000000000003,16.9,45.375,33,58,0,0,0,0
"204",2023-07-23,101371.428571429,101180,101490,2.85714285714286,2,5,24.8285714285715,19,28.2,19.4285714285715,15.1,22.4,72.5714285714286,60,87,0,0,0,0
"205",2023-07-24,100976.666666667,100870,101080,2.66666666666667,2,3,23.3,22.1,25,20.4,20,21.1,84,79,88,0,0,0,0
"206",2023-07-25,101124,101020,101350,9.2,8,10,25.48,22.9,27.1,6.22000000000002,3.80000000000001,9,29.4,24,36,0,0,0,0
"207",2023-07-26,101465.714285714,101340,101600,6,3,8,25.3714285714286,19.3,30,7.22857142857145,5.60000000000002,11.1,32.7142857142857,22,46,0,0,0,0
"208",2023-07-27,101331.428571429,101180,101460,2.85714285714286,1,5,23.8857142857143,20,26.1,16.1285714285715,12,20.4,62.8571428571429,48,83,0,0,0,0
"209",2023-07-28,101301.428571429,101230,101370,3.57142857142857,1,10,24.3285714285715,20.7,27.6,19.4857142857143,18.2,21.2,75.1428571428571,59,90,0.0571428571428571,0,0.4,0.4
"210",2023-07-29,101280,101180,101370,2.875,1,5,24.275,21.5,26.9,21.85,19,23.4,86.625,77,95,0,0,0,0
"211",2023-07-30,101518.571428571,101410,101640,3.85714285714286,1,8,28.9142857142857,23.9,34.2,11.9285714285715,4.60000000000002,23.2,41.2857142857143,18,92,0,0,0,0
"212",2023-07-31,101390,100990,101670,4.125,1,9,26.0875,19.4,32.9,10.25,7.30000000000001,14.9,38.625,23,56,0,0,0,0
"213",2023-08-01,101026.25,100870,101090,8.5,4,12,26.2,22.2,29.2,12.4625,9.5,14.8,42.875,35,51,0,0,0,0
"214",2023-08-02,100830,100640,101050,4.125,1,7,25.8875,21.5,28.7,15.5625,13.1,21.8,54.25,40,76,0,0,0,0
"215",2023-08-03,101056.25,100950,101280,6.375,5,8,25.325,22.3,29.9,8.26250000000002,6.5,10.1,34.875,23,46,0,0,0,0
"216",2023-08-04,101336.25,101190,101690,8.625,4,12,22.65,19.3,26.6,9.40000000000001,8.5,10,43.625,32,55,0,0,0,0
"217",2023-08-05,101441.25,101170,101670,9.375,5,12,23.7375,19.9,28,8.60000000000002,5.30000000000001,10.5,39.625,24,52,0,0,0,0
"218",2023-08-06,101582.5,101450,101810,8,4,10,23.05,19.5,27.1,6.37500000000002,4.60000000000002,9.70000000000005,35.375,24,49,0,0,0,0
"219",2023-08-07,101783.75,101610,101910,3.625,1,6,22.9,18.7,27.5,5.68750000000003,3.20000000000005,8,33.75,21,43,0,0,0,0
"220",2023-08-08,101620,101490,101730,2.375,0,4,22.45,17.9,27.9,8.60000000000002,4.40000000000003,16.3,44.875,25,84,0,0,0,0
"221",2023-08-09,101586.25,101480,101700,2.25,1,4,23.725,16.1,29.3,11.1375,5.40000000000003,15.7,50.5,22,81,0,0,0,0
"222",2023-08-10,101662.5,101530,101850,2.875,1,5,21.65,19,23.6,15.475,9.10000000000002,19.4,69.625,45,94,0,0,0,0
"223",2023-08-11,101942.857142857,101840,102040,1.42857142857143,0,3,23.2285714285715,19.1,26.6,18.1857142857143,15,19.7,75.2857142857143,49,97,0,0,0,0
"224",2023-08-12,101906.25,101740,102010,2.25,0,4,23.1125,18.7,27.1,18.7375,16.1,20.5,78.25,51,95,0.025,0,0.2,0.2
"225",2023-08-13,101721.25,101550,101830,2.375,1,4,22.6125,20.1,25.6,20.1875,18.4,22,86.625,75,95,0,0,0,0
"226",2023-08-14,101586.25,101520,101690,4.375,3,6,23.6375,22,25.1,21.175,19.4,22.1,86.25,75,95,0,0,0,0
"227",2023-08-15,101596.25,101510,101690,2.625,1,5,24.4625,21.1,27.5,19.5375,16.1,23,74.25,65,83,0,0,0,0
"228",2023-08-16,101590,101550,101680,1.75,1,3,23.6375,19.3,27.4,18.225,14.4,22.6,72.75,49,86,0,0,0,0
"229",2023-08-17,101477.142857143,101320,101560,1.57142857142857,1,2,24.9857142857143,19.3,29.5,15.1285714285714,13.4,17.1,56.7142857142857,39,78,0,0,0,0
"230",2023-08-18,101378.75,101310,101410,2,1,4,25.225,19.1,30.4,14.5375,9.5,20.3,53.875,28,71,0,0,0,0
"231",2023-08-19,101563.75,101450,101650,2.375,1,3,25.9,19.5,31.1,16.7625,14.8,21.1,59.875,38,79,0,0,0,0
"232",2023-08-20,101684.285714286,101590,101820,2.14285714285714,0,4,27.9714285714286,21,32.8,18,16.2,21.1,57.4285714285714,37,84,0,0,0,0
"233",2023-08-21,101783.75,101670,101890,2.375,1,4,28.4125,22.9,33.2,19.2375,17.8,21.7,60,42,83,0,0,0,0
"234",2023-08-22,101642.857142857,101450,101750,2.28571428571429,1,4,28.2428571428572,23.6,33.2,18.8428571428572,16.3,22.1,59.7142857142857,37,82,0,0,0,0
"235",2023-08-23,101405.714285714,101300,101480,2.14285714285714,0,4,28.9714285714286,24.3,35.4,20.7142857142857,18.8,23.6,63.5714285714286,40,81,0,0,0,0
"236",2023-08-24,101380,101290,101450,1.75,0,3,27.35,22.9,31.9,21.35,19.3,24.5,71.5,50,93,0,0,0,0
"237",2023-08-25,101195,101070,101310,4,2,6,28.3375,25,31.7,22.3,15.2,25,73.25,43,99,0,0,0,0
"238",2023-08-26,101147.5,100960,101310,1.625,0,4,25.35,22.9,27.9,16.175,13.4,19.5,57.625,47,75,0.025,0,0.2,0.2
"239",2023-08-27,100922.5,100810,101020,4.25,2,6,21.65,18.7,23.8,14.075,9.40000000000003,17.5,64.5,44,93,1.3875,0,7.9,11.1
"240",2023-08-28,100795,100670,100960,9,5,12,22.9625,19.6,27.2,6.90000000000002,5.5,8.80000000000001,36.25,27,46,0.025,0,0.2,0.2
"241",2023-08-29,100902.5,100800,100980,7.25,4,10,22.6625,19,26.5,7.08750000000002,3.70000000000005,9,38.25,23,52,0,0,0,0
"242",2023-08-30,100902.857142857,100780,100980,5.85714285714286,4,8,22.5857142857143,17.3,29,7.41428571428574,3.30000000000001,9.20000000000005,40.2857142857143,23,59,0,0,0,0
"243",2023-08-31,101451.25,101280,101590,4.625,2,7,22.5375,19.6,26.9,10.375,3.40000000000003,16.7,49.125,22,77,0,0,0,0
"244",2023-09-01,101663.75,101610,101750,3.125,1,5,19.85,15.7,22.7,16.7875,12.3,20.2,83,71,96,0,0,0,0
"245",2023-09-02,101841.25,101680,101990,4,1,6,21.7625,18.3,24.5,18.2625,16.3,20.2,81.25,64,94,0,0,0,0
"246",2023-09-03,102051.25,101930,102200,2.5,1,4,23.4375,17.8,29.4,12.225,8.60000000000002,16,53.5,33,87,0,0,0,0
"247",2023-09-04,101845.714285714,101690,101980,1.57142857142857,0,3,24.6285714285714,18.5,31.4,12.3285714285715,10.3,15.4,48.4285714285714,28,69,0,0,0,0
"248",2023-09-05,101782.5,101670,101870,2.125,1,5,23.0875,18.3,28.7,14.6,12.6,16.9,60.75,37,76,0,0,0,0
"249",2023-09-06,101864.285714286,101750,101930,2.42857142857143,1,4,21.8857142857143,17.8,27.2,13.8714285714286,11.2,16.5,63.5714285714286,39,83,0,0,0,0
"250",2023-09-07,101791.25,101700,101880,2.5,1,4,22.525,16.3,29,12.1875,11.1,13.4,55,33,78,0,0,0,0
"251",2023-09-08,101751.25,101640,101870,1.625,0,3,23.05,16.7,29.5,13.1875,9.80000000000001,19.3,58.125,30,85,0,0,0,0
"252",2023-09-09,101691.25,101660,101750,2,0,4,22.25,16.7,28.5,14.85,12.2,16.4,65.875,41,87,0,0,0,0
"253",2023-09-10,101735.714285714,101660,101840,1.42857142857143,0,3,22.0571428571429,15.1,29.1,13.5714285714286,12,15.9,62.1428571428571,35,86,0,0,0,0
"254",2023-09-11,101492.857142857,101360,101620,2.28571428571429,0,4,20.5142857142858,16.1,24.9,16.8714285714286,12.8,20,80,70,92,0,0,0,0
"255",2023-09-12,101413.75,101350,101500,2.875,2,4,22.925,20.2,26.6,20.65,19,22.2,87.375,77,94,0.025,0,0.2,0.2
"256",2023-09-13,101612.5,101470,101810,2.875,1,6,22.4625,19.3,27.3,17.5625,16.2,19.6,74.875,51,89,0.4125,0,3.3,3.3
"257",2023-09-14,101660,101470,101810,1.875,1,4,23.45,18.1,28.9,15.4,12.3,17.3,63.625,36,85,0,0,0,0
"258",2023-09-15,101463.75,101250,101600,4.25,2,8,21.7125,17,25.4,17.6625,14.1,20,77.875,72,83,0,0,0,0
"259",2023-09-16,101246.25,101140,101380,10.125,6,13,24.1375,22.9,25.5,19.7,16.9,20.9,76.5,69,83,0.525,0,3.4,4.2
"260",2023-09-17,101301.25,101140,101430,6,3,9,24.575,22.9,26.7,20.6375,18.2,21.7,78.875,74,86,0,0,0,0
"261",2023-09-18,101146.25,100990,101590,5.375,3,9,25.8375,24,29.1,19.3625,10.9,23.3,71,35,96,0,0,0,0
"262",2023-09-19,101627.5,101450,101780,3.5,1,5,23.9125,19.7,29,12.15,9.30000000000001,18.2,49.625,31,76,NA,NA,NA,0
"263",2023-09-20,101200,100910,101480,3.375,1,7,19.3375,17,22.3,16.175,12.5,18.7,82.375,72,95,1.2625,0,4.9,10.1
"264",2023-09-21,100437.5,100180,100800,4.375,3,8,21.1625,19,24.1,18.1,14.4,20.8,83.625,61,98,0.025,0,0.2,0.2
"265",2023-09-22,100852.5,100560,101280,4.125,1,8,19.7625,16.8,24.1,9.82500000000003,7.10000000000002,13.1,54.75,35,72,0.075,0,0.2,0.6
"266",2023-09-23,101696.25,101420,102080,5.875,3,7,19.175,15.2,23.6,5.82500000000001,4,8,43.375,28,62,0,0,0,0
"267",2023-09-24,102010,101850,102100,4.14285714285714,2,8,19.2571428571429,14.2,26,5.32857142857145,3.90000000000003,9.40000000000003,42,25,53,0,0,0,0
"268",2023-09-25,102042.5,101920,102150,1.875,0,4,17.7875,12,24.4,9.77500000000002,7.5,12.9,61.625,40,79,0,0,0,0
"269",2023-09-26,102012.5,101890,102140,2.25,1,3,18.3,11.5,24.9,11.425,8.80000000000001,16,68,36,89,0,0,0,0
"270",2023-09-27,101866.25,101770,101960,2,1,3,18.475,12.5,24.2,13.5875,10.2,17.8,75.5,49,91,0,0,0,0
"271",2023-09-28,101843.75,101750,101940,1.75,1,3,19.6625,15.2,24.2,16.8375,14.2,19.6,85,61,98,0.025,0,0.2,0.2
"272",2023-09-29,102048.571428571,101950,102190,1.85714285714286,1,3,22.6857142857143,16.7,28.3,17.0571428571429,15.3,18.3,73,51,98,0.0285714285714286,0,0.2,0.2
"273",2023-09-30,102148.571428571,101990,102280,2.42857142857143,1,5,24.1428571428572,19.1,30.1,14.6285714285715,13.7,15.4,57.4285714285714,37,78,0,0,0,0
"274",2023-10-01,102243.75,102150,102340,2.125,0,5,21.7625,16.9,26.8,13.225,11.3,16.8,60,40,78,0,0,0,0
"275",2023-10-02,102338.571428571,102260,102440,2.57142857142857,1,4,21.4142857142857,16.3,25.3,18.0714285714286,12.5,20.9,81.8571428571429,68,93,0,0,0,0
"276",2023-10-03,102310,102240,102410,2.57142857142857,1,4,23.4714285714286,20.3,26,18.6285714285714,13.7,21.1,76.1428571428571,49,95,0,0,0,0
"277",2023-10-04,102393.75,102260,102510,2.5,1,5,20.9875,16.8,26.3,9.67500000000003,2.20000000000005,14.2,51.875,21,69,0,0,0,0
"278",2023-10-05,102365.714285714,102240,102520,2.57142857142857,1,4,18.6571428571429,10.5,25.6,10.0857142857143,6.20000000000005,15.4,61.1428571428571,29,85,0,0,0,0
"279",2023-10-06,102358.571428571,102270,102490,1.57142857142857,1,4,18.7571428571429,9.60000000000002,26.1,10.1285714285715,7.40000000000003,15,62.2857142857143,32,88,0,0,0,0
"280",2023-10-07,102352.857142857,102230,102510,1.85714285714286,0,4,17.4285714285714,10,25.2,8.18571428571431,5.70000000000005,12.9,56.8571428571429,35,75,0,0,0,0
"281",2023-10-08,102362.5,102270,102520,1.875,1,3,19.125,12.5,26.4,10.25,6,16,59.375,34,76,0,0,0,0
"282",2023-10-09,102308.571428571,102200,102490,1.71428571428571,1,3,19.0142857142857,13.5,23.4,15.7142857142857,10.8,18.9,81.7142857142857,68,96,0,0,0,0
"283",2023-10-10,102118.75,101980,102230,1.75,0,3,17.7375,14.5,22,16.2375,14.3,18.4,91.625,73,99,0.075,0,0.2,0.6
"284",2023-10-11,102098.75,102010,102200,2.375,1,4,20.0875,16.3,24.3,17.4625,16.1,19.5,85.625,68,99,0.025,0,0.2,0.2
"285",2023-10-12,102064.285714286,101990,102200,2.28571428571429,2,3,20.7428571428572,17.9,24,18.1428571428572,16.9,19.5,85.4285714285714,76,94,0,0,0,0
"286",2023-10-13,101897.5,101760,102010,4.375,2,8,21.1875,18.4,23.6,19.375,17.7,20.8,89.75,82,96,0,0,0,0
"287",2023-10-14,101715.714285714,101650,101790,1.85714285714286,0,4,21.7571428571429,19.2,26.7,15.4285714285715,10.3,19.6,71,44,98,0,0,0,0
"288",2023-10-15,101705.714285714,101500,101870,3,1,5,15.9428571428572,11.8,21.4,4.97142857142858,0.5,11.1,51.4285714285714,29,75,0,0,0,0
"289",2023-10-16,101320,101230,101410,5.28571428571429,3,7,17.2714285714286,13.8,20.9,5.67142857142859,-0.699999999999989,15.9,48,33,79,0.0285714285714286,0,0.2,0.2
"290",2023-10-17,101170,101010,101280,5.28571428571429,4,7,16.6714285714286,15.3,18.5,14.7142857142857,13,16.5,88.5714285714286,76,95,0.942857142857143,0,3,6.6
"291",2023-10-18,100415,100070,100810,11.375,6,14,20.2625,19,21.5,17.5625,16.5,18.7,84.5,80,87,0.3,0,2.2,2.4
"292",2023-10-19,99255,98650,99780,7.33333333333333,4,12,20.6,18,21.6,18.5666666666667,17.2,19.4,88.3333333333333,81,95,0.383333333333333,0,1.2,2.3
"293",2023-10-20,98665.7142857143,98080,99310,4.71428571428571,1,13,19.7714285714286,17.4,22.2,15.1,11.4,19.5,75.7142857142857,55,91,1.34285714285714,0,5,9.4
"294",2023-10-21,100356.25,99850,100900,4.875,2,7,17.325,14.6,20.7,6.98750000000002,5.5,8.80000000000001,51.5,37,63,0,0,0,0
"295",2023-10-22,101124.285714286,100990,101270,2,1,3,13.6142857142857,8.70000000000005,19,8.61428571428573,7.10000000000002,11,73,51,90,0,0,0,0
"296",2023-10-23,100682.5,100470,101040,9,4,15,18.8875,15.4,21,15.075,10,18.8,78.75,70,92,0,0,0,0
"297",2023-10-24,100645,100550,100770,3.25,0,7,17.9,14.8,21.2,11.475,7.40000000000003,15.7,68.875,41,92,0.125,0,0.8,1
"298",2023-10-25,100635,100540,100730,1.875,0,4,17.1,13.3,20.6,10.85,10,12.6,67.75,52,83,0,0,0,0
"299",2023-10-26,100067.5,99520,100560,3,1,5,17.975,15.7,20.8,13.475,10.4,15.6,75.125,66,80,0,0,0,0
"300",2023-10-27,100285.714285714,99860,100710,4.71428571428571,2,10,17.1428571428572,13.8,20.5,9.32857142857146,7.80000000000001,13.2,60.5714285714286,50,71,0.0571428571428571,0,0.4,0.4
"301",2023-10-28,100621.25,100470,100790,2.5,1,4,14.4625,8.40000000000003,20.1,9.56250000000002,6.90000000000003,12.8,74.375,46,92,0,0,0,0
"302",2023-10-29,100425,100260,100530,7.625,1,12,18.95,14.8,20.6,16.3,14.3,17.1,84.875,78,97,0,0,0,0
"303",2023-10-30,100270,99920,100570,6.75,0,12,18.2375,14.5,19.4,15.725,10.5,17.7,85.5,71,91,0.6125,0,4.5,4.9
"304",2023-10-31,101180,100750,101420,4.5,1,7,15.175,11.3,20.2,8.41250000000002,7.90000000000003,9.30000000000001,65.625,46,80,0,0,0,0
"305",2023-11-01,100928.75,100720,101290,3.125,1,6,14.0875,9.60000000000002,18.7,10.2,7.90000000000003,12.9,78.25,65,90,0,0,0,0
"306",2023-11-02,99397.1428571429,99220,99730,5.85714285714286,2,9,14.9571428571429,12.4,18.1,9.72857142857147,4.40000000000003,15.4,72.4285714285714,52,95,0.114285714285714,0,0.8,0.8
"307",2023-11-03,99620,99380,99980,5,0,9,11.2875,8.5,14.1,4.63750000000002,3.30000000000001,8.10000000000002,64.625,52,85,0.15,0,1.2,1.2
"308",2023-11-04,99395.7142857143,98870,100080,3.42857142857143,2,5,12.5714285714286,10.4,16,8.52857142857145,4.5,10.9,77.2857142857143,64,93,0.2,0,0.8,1.4
"309",2023-11-05,99948.75,99130,100880,6,1,13,13.775,7.40000000000003,19,6.16250000000002,4.80000000000001,8.70000000000005,63.25,42,96,0.075,0,0.6,0.6
"310",2023-11-06,101344.285714286,100940,101720,2.42857142857143,0,5,13.1,10.6,17.8,6.35714285714287,4,10.6,65.2857142857143,41,92,0.342857142857143,0,2.4,2.4
"311",2023-11-07,101910,101820,102060,3.75,2,6,12.0125,9,16.3,4.60000000000002,3.5,6.10000000000002,61.375,45,77,0,0,0,0
"312",2023-11-08,102032.857142857,101810,102240,2.85714285714286,2,4,11.5714285714286,4.90000000000003,16.4,5.9714285714286,2.90000000000003,8.70000000000005,70.1428571428571,49,87,0,0,0,0
"313",2023-11-09,101333.75,101220,101640,5.5,3,8,14.075,10,17.3,8.91250000000003,6.80000000000001,11.2,72.25,50,93,0.125,0,1,1
"314",2023-11-10,101067.5,100890,101230,5.5,4,8,13.575,11.9,16.1,6.13750000000003,4.60000000000002,8.70000000000005,61.625,47,78,0,0,0,0
"315",2023-11-11,101182.5,101080,101280,2.875,0,6,12.5875,10,16.1,5.77500000000001,4.60000000000002,7,63.625,51,75,0,0,0,0
"316",2023-11-12,101352.5,101020,101770,3,0,11,12.9125,8.10000000000002,18.7,9.47500000000003,7.20000000000005,11.7,81,57,95,0.325,0,1.6,2.6
"317",2023-11-13,101826.25,101720,101940,1.625,1,3,15.9625,13.7,19.2,12.075,10.7,13.4,78.125,69,94,0,0,0,0
"318",2023-11-14,101771.25,101530,101950,2,1,4,16.5125,12.5,21.2,13.2875,11.7,15.5,82.125,65,96,0,0,0,0
"319",2023-11-15,102176.25,101940,102310,4.5,1,8,16.075,10.3,20.6,5.73750000000003,4.20000000000005,8.80000000000001,51.375,37,70,0,0,0,0
"320",2023-11-16,101946.25,101700,102150,3.5,1,8,11.7875,6.80000000000001,17.7,6.67500000000003,4.30000000000001,10.2,72.625,50,87,0.025,0,0.2,0.2
"321",2023-11-17,102237.5,102120,102450,4.875,1,8,14.0875,10.3,18.1,5.07500000000002,3.80000000000001,7.30000000000001,55.5,39,67,0,0,0,0
"322",2023-11-18,102420,102310,102550,1.625,0,4,10.3125,5.30000000000001,16.7,5.83750000000002,3.60000000000002,8.60000000000002,75.75,47,91,0,0,0,0
"323",2023-11-19,102115,101950,102290,1.25,0,3,12.425,6.5,19.7,8.66250000000002,5.60000000000002,11.2,79.25,58,95,0,0,0,0
"324",2023-11-20,101676.25,101440,101960,3.25,1,7,14.9625,8.80000000000001,19.9,8.46250000000003,4.90000000000003,10.6,67.375,45,90,0,0,0,0
"325",2023-11-21,101248.75,101070,101440,5.375,1,9,14.225,11.5,17.9,3.13750000000002,1.5,5.40000000000003,47.875,37,61,0,0,0,0
"326",2023-11-22,101668.75,101450,102150,6.125,3,11,12.5125,9.5,16.6,-0.274999999999984,-2.5,1,41.875,33,51,0,0,0,0
"327",2023-11-23,102150,101900,102420,3.42857142857143,2,6,9.34285714285716,5.10000000000002,16.6,-2.58571428571427,-4.19999999999999,0.100000000000023,44,28,51,0,0,0,0
"328",2023-11-24,101285.714285714,101010,101770,5,3,8,11.2714285714286,4.30000000000001,16.4,1.88571428571431,-1.59999999999997,4.10000000000002,53.8571428571429,42,81,0,0,0,0
"329",2023-11-25,101506.25,101020,101860,5.5,3,9,8.97500000000002,4.5,13.2,-4.47499999999997,-6.59999999999997,-0.0999999999999659,38.875,30,48,0,0,0,0
"330",2023-11-26,101637.142857143,101470,101830,3,0,6,7.1714285714286,1.70000000000005,14.1,-5.71428571428568,-7.29999999999995,-4.59999999999997,42,22,57,0,0,0,0
"331",2023-11-27,101078.75,100480,101520,1,0,2,5.36250000000003,0.200000000000045,9.70000000000005,-0.374999999999986,-3,3.70000000000005,67.375,51,79,0,0,0,0
"332",2023-11-28,100526.25,100320,100870,4.875,1,8,10.15,4.5,15.3,1.31250000000002,-2.19999999999999,4.10000000000002,57.5,30,90,0,0,0,0
"333",2023-11-29,100742.857142857,100510,100950,2,1,3,6.92857142857145,1.20000000000005,11,-0.657142857142828,-1.89999999999998,1.40000000000003,60.5714285714286,41,87,0,0,0,0
"334",2023-11-30,100012.5,99830,100300,3,2,5,9.32500000000002,6.40000000000003,12.1,7.45000000000002,2.80000000000001,10,88.25,77,97,0,0,0,0
"335",2023-12-01,99658.75,99470,99830,2.5,0,6,9.82500000000002,6.80000000000001,11.5,8.97500000000003,5.70000000000005,10.7,94.5,92,96,0.3,0,1.4,2.4
"336",2023-12-02,100848.571428571,99960,101890,6.42857142857143,2,11,7.5714285714286,2.80000000000001,9.80000000000001,-0.585714285714273,-6.09999999999997,6,58.5714285714286,37,89,0.0285714285714286,0,0.2,0.2
"337",2023-12-03,102057.5,101980,102220,2,1,3,1.85000000000002,-3.89999999999998,9.80000000000001,-6.82499999999997,-8.79999999999995,-5.29999999999995,54.5,31,66,0,0,0,0
"338",2023-12-04,101290,101000,101840,4.875,1,10,8.57500000000004,2.40000000000003,13.2,5.36250000000002,-3.69999999999999,10.7,80.75,64,95,0.275,0,2,2.2
"339",2023-12-05,101461.428571429,101230,101620,4.28571428571429,1,9,9.67142857142859,6.70000000000005,13.1,3.40000000000003,0.900000000000034,6.30000000000001,66.8571428571429,48,97,0,0,0,0
"340",2023-12-06,101607.5,101500,101810,NA,NA,NA,7.91250000000003,4.80000000000001,14.2,-1.32499999999998,-3.19999999999999,-0.199999999999989,54.25,32,70,0,0,0,0
"341",2023-12-07,101705,101380,101900,2.625,1,5,4.95000000000003,-1,10.7,-0.0499999999999829,-3.59999999999997,4.5,71.875,48,89,0,0,0,0
"342",2023-12-08,101243.75,101070,101600,4.75,3,6,10.325,7.5,14.2,7.08750000000003,5.20000000000005,9.70000000000005,81.75,61,95,1.4875,0,4.9,11.9
"343",2023-12-09,101686.25,101520,101830,2.375,1,4,9.87500000000001,6,12.8,6.31250000000002,2.80000000000001,9.20000000000005,79.125,67,93,0,0,0,0
"344",2023-12-10,101958.75,101750,102150,1.875,0,4,12.3,9.20000000000005,14.9,7.05000000000003,3.60000000000002,8.60000000000002,71.25,51,87,0,0,0,0
"345",2023-12-11,101593.75,101450,101740,2.75,1,7,13.9,8.90000000000003,20.5,9.95000000000002,8,12.6,78.625,54,94,0,0,0,0
"346",2023-12-12,101167.5,100890,101460,3.125,1,6,13.125,9.40000000000003,14.9,10.2,8.5,11.6,82.875,74,97,0,0,0,0
"347",2023-12-13,100677.5,100550,100790,4.75,2,7,12.925,11.8,14.9,6.75000000000002,3.60000000000002,9.20000000000005,67.125,48,82,0.025,0,0.2,0.2
"348",2023-12-14,101844.285714286,101120,102570,6.42857142857143,4,9,11.8285714285714,9.80000000000001,14.7,1.5714285714286,0.900000000000034,2.20000000000005,49.8571428571429,40,59,0.0285714285714286,0,0.2,0.2
"349",2023-12-15,103065,102690,103380,3.375,2,6,10.7625,6.10000000000002,16.1,0.28750000000003,-1.29999999999995,2.30000000000001,48.875,37,59,0,0,0,0
"350",2023-12-16,103630,103510,103720,3.57142857142857,2,5,8.54285714285716,5.40000000000003,13.3,1.17142857142859,0,2.5,60.8571428571429,43,72,0,0,0,0
"351",2023-12-17,103730,103650,103830,2,1,4,6.23750000000002,1.90000000000003,13,1.05000000000003,-0.799999999999955,3.40000000000003,70.75,51,82,0,0,0,0
"352",2023-12-18,103397.5,103140,103660,0.75,0,1,4.88750000000002,-0.399999999999977,12.6,1.73750000000001,-1.5,5.30000000000001,81.25,61,92,0,0,0,0
"353",2023-12-19,102651.25,102260,103060,2,0,6,6.98750000000003,-0.399999999999977,15,0.700000000000024,-3.79999999999995,6,68,40,93,0,0,0,0
"354",2023-12-20,102018.75,101880,102200,3.5,0,7,11.075,5,16.2,1.10000000000002,-2.19999999999999,5.5,51.75,32,66,0,0,0,0
"355",2023-12-21,101872.5,101600,102140,8,5,11,13.575,10,16.3,4.37500000000001,0,6.80000000000001,53.875,49,59,0,0,0,0
"356",2023-12-22,101834.285714286,101680,101970,10.2857142857143,8,14,14.8571428571429,13.7,16.5,4.55714285714288,2.80000000000001,5.70000000000005,50.2857142857143,45,57,0,0,0,0
"357",2023-12-23,102217.142857143,102070,102320,5.14285714285714,2,9,12.5571428571429,11.4,16.4,2.80000000000003,2.20000000000005,3.80000000000001,51.7142857142857,42,57,0,0,0,0
"358",2023-12-24,102097.5,101920,102260,1.125,0,2,7.28750000000002,1.40000000000003,15.4,3.15000000000003,0,5.90000000000003,77,52,93,0,0,0,0
"359",2023-12-25,101924.285714286,101780,102040,0.857142857142857,0,1,7.70000000000002,2.40000000000003,14.1,1.88571428571431,0,5.70000000000005,69,40,84,0,0,0,0
"360",2023-12-26,102017.5,101900,102130,1,0,2,6.38750000000003,-0.199999999999989,14.2,0.600000000000023,-2.59999999999997,3.30000000000001,69.25,39,88,0,0,0,0
"361",2023-12-27,102345,102200,102570,2.75,1,4,7.15000000000002,0.5,12.7,4.20000000000002,-3,10.2,81.75,73,91,0,0,0,0
"362",2023-12-28,102518.75,102450,102620,3,2,4,11.175,9.10000000000002,13.1,8.56250000000001,7,9.70000000000005,84.125,76,91,0,0,0,0
"363",2023-12-29,102203.75,102080,102400,2,0,3,10.775,6.90000000000003,13.3,8.53750000000002,6.30000000000001,9.40000000000003,86.25,77,96,0,0,0,0
"364",2023-12-30,101867.5,101670,102060,1.25,1,2,9.91250000000002,6.5,15.6,7.51250000000003,5.80000000000001,9.40000000000003,86.625,60,98,0,0,0,0
"365",2023-12-31,101286.25,101100,101560,4.375,1,8,11.725,9.5,14.9,7.35000000000003,2.40000000000003,11,76.625,49,96,0,0,0,0
